Workbook

Sheet Constantes
A1: Parámetro | B1: Valor | C1: Unidad | D1: Descripción
A2: Masa agua caliente (m_C) | B2: =B16-B15 -> 1.623 | C2: kg | D2: Masa del agua en el condensador
A3: Masa agua fría (m_F) | B3: =B19-B18 -> 1.602 | C3: kg | D3: Masa del agua en el evaporador
A4: Calor específico agua (c_p) | B4: 4186 | C4: J/(kg·K) | D4: Capacidad calorífica del agua
A5: Incertidumbre Tipo A (T) | B5: 0 | C5: K | D5: Desviación estándar de la media
A6: Incertidumbre Tipo B (T) | B6: 0.1 | C6: K | D6: Resolución del termómetro
A7: Incertidumbre Tipo C (T) | B7: 0.1 | C7: K | D7: Otras fuentes
A8: Factor de cobertura (k) | B8: 1 | C8: - | D8: Para expandida (habitualmente 2)
A9: Incertidumbre Tipo A (P) | B9: 0 | C9: W | D9: Fluctuación de la potencia
A10: Incertidumbre Tipo B (P) | B10: 1 | C10: W | D10: Resolución del vatímetro
A11: Incertidumbre Tipo C (P) | B11: 0 | C11: W | D11: Otras fuentes
A12: Incertidumbre Tipo A (t) | B12: 0 | C12: s | D12: Error de reacción
A13: Incertidumbre Tipo B (t) | B13: 0.5 | C13: s | D13: Resolución del cronómetro
A14: Incertidumbre Tipo C (t) | B14: 0 | C14: s | D14: Otras fuentes
A15: Masa vaso vacio (L) | B15: 0.1547 | C15: kg | F15: 0.072
A16: Masa vaso lleno (L) | B16: 1.7777 | C16: kg
A18: Masa vaso vacío (v) | B18: 0.072 | C18: kg
A19: Masa vaso lleno (v) | B19: 1.674 | C19: kg
A20: Incertidumbre Tipo B peso (kg) | B20: 1e-06 | C20: kg

Sheet Medidas
A1: t | B1: t_f | C1: t_c | D1: Potencia | E1: u_c (T) | F1: u_c (P) | G1: COP_IDEAL | H1: Q_c | I1: W(J) | J1: uW(J) | K1: COP_EXP | L1: U_COP
A2: 0 | B2: 17 | C2: 23 | D2: 0 | E2: 0.1 | F2: 0
A3: 30 | B3: 16 | C3: 23.7 | D3: 53.04 | E3: =Constantes!$B$6 -> 0.1 | F3: =0.01 -> 0.01 | G3: =C3/(C3-B3) -> 3.0779221 | H3: =4184*(C3-C2) -> 2928.8 | I3: =D3*A3 -> 1591.2 | J3: =F3*A3 -> 0.3 | K3: =ABS(H3/I3) -> 1.8406234 | L3: =SQRT(((1/I3)*SQRT(2)*E3)^2+((H3/(I3*I3)*J3)^2)) -> 0.00035822601
A4: 60 | B4: 16.8 | C4: 24.4 | D4: 45.6 | E4: =Constantes!$B$6 -> 0.1 | F4: =0.01 -> 0.01 | G4: =C4/(C4-B4) -> 3.2105263 | H4: =4184*(C4-C3) -> 2928.8 | I4: =D4*A4 -> 2736 | J4: =F4*A4 -> 0.6 | K4: =ABS(H4/I4) -> 1.0704678 | L4: =SQRT(((1/I4)*SQRT(2)*E4)^2+((H4/(I4*I4)*J4)^2)) -> 0.00024037498
A5: 90 | B5: 16.7 | C5: 25.3 | D5: 67.71 | E5: =Constantes!$B$6 -> 0.1 | F5: =0.01 -> 0.01 | G5: =C5/(C5-B5) -> 2.9418605 | H5: =4184*(C5-C4) -> 3765.6 | I5: =D5*A5 -> 6093.9 | J5: =F5*A5 -> 0.9 | K5: =ABS(H5/I5) -> 0.6179294 | L5: =SQRT(((1/I5)*SQRT(2)*E5)^2+((H5/(I5*I5)*J5)^2)) -> 9.4165643e-05
A6: 120 | B6: 15.6 | C6: 26.3 | D6: 63.28 | E6: =Constantes!$B$6 -> 0.1 | F6: =0.01 -> 0.01 | G6: =C6/(C6-B6) -> 2.4579439 | H6: =4184*(C6-C5) -> 4184 | I6: =D6*A6 -> 7593.6 | J6: =F6*A6 -> 1.2 | K6: =ABS(H6/I6) -> 0.55099031 | L6: =SQRT(((1/I6)*SQRT(2)*E6)^2+((H6/(I6*I6)*J6)^2)) -> 8.9041235e-05
A7: 150 | B7: 15.4 | C7: 26.7 | D7: 62.72 | E7: =Constantes!$B$6 -> 0.1 | F7: =0.01 -> 0.01 | G7: =C7/(C7-B7) -> 2.3628319 | H7: =4184*(C7-C6) -> 1673.6 | I7: =D7*A7 -> 9408 | J7: =F7*A7 -> 1.5 | K7: =ABS(H7/I7) -> 0.17789116 | L7: =SQRT(((1/I7)*SQRT(2)*E7)^2+((H7/(I7*I7)*J7)^2)) -> 3.2099961e-05
A8: 180 | B8: 14.8 | C8: 28.1 | D8: 62.72 | E8: =Constantes!$B$6 -> 0.1 | F8: =0.01 -> 0.01 | G8: =C8/(C8-B8) -> 2.112782 | H8: =4184*(C8-C7) -> 5857.6 | I8: =D8*A8 -> 11289.6 | J8: =F8*A8 -> 1.8 | K8: =ABS(H8/I8) -> 0.51884921 | L8: =SQRT(((1/I8)*SQRT(2)*E8)^2+((H8/(I8*I8)*J8)^2)) -> 8.3667742e-05
A9: 210 | B9: 14 | C9: 28.6 | D9: 59.28 | E9: =Constantes!$B$6 -> 0.1 | F9: =0.01 -> 0.01 | G9: =C9/(C9-B9) -> 1.9589041 | H9: =4184*(C9-C8) -> 2092 | I9: =D9*A9 -> 12448.8 | J9: =F9*A9 -> 2.1 | K9: =ABS(H9/I9) -> 0.16804833 | L9: =SQRT(((1/I9)*SQRT(2)*E9)^2+((H9/(I9*I9)*J9)^2)) -> 3.0539767e-05
A10: 240 | B10: 13.6 | C10: 29.5 | D10: 56.71 | E10: =Constantes!$B$6 -> 0.1 | F10: =0.01 -> 0.01 | G10: =C10/(C10-B10) -> 1.8553459 | H10: =4184*(C10-C9) -> 3765.6 | I10: =D10*A10 -> 13610.4 | J10: =F10*A10 -> 2.4 | K10: =ABS(H10/I10) -> 0.27667078 | L10: =SQRT(((1/I10)*SQRT(2)*E10)^2+((H10/(I10*I10)*J10)^2)) -> 4.9881185e-05
A11: 270 | B11: 13.4 | C11: 30.3 | D11: 69.02 | E11: =Constantes!$B$6 -> 0.1 | F11: =0.01 -> 0.01 | G11: =C11/(C11-B11) -> 1.7928994 | H11: =4184*(C11-C10) -> 3347.2 | I11: =D11*A11 -> 18635.4 | J11: =F11*A11 -> 2.7 | K11: =ABS(H11/I11) -> 0.17961514 | L11: =SQRT(((1/I11)*SQRT(2)*E11)^2+((H11/(I11*I11)*J11)^2)) -> 2.7107571e-05
A12: 300 | B12: 12.1 | C12: 31 | D12: 70.8 | E12: =Constantes!$B$6 -> 0.1 | F12: =0.01 -> 0.01 | G12: =C12/(C12-B12) -> 1.6402116 | H12: =4184*(C12-C11) -> 2928.8 | I12: =D12*A12 -> 21240 | J12: =F12*A12 -> 3 | K12: =ABS(H12/I12) -> 0.13789077 | L12: =SQRT(((1/I12)*SQRT(2)*E12)^2+((H12/(I12*I12)*J12)^2)) -> 2.0582778e-05
A13: 330 | B13: 12.2 | C13: 32 | D13: 70.18 | E13: =Constantes!$B$6 -> 0.1 | F13: =0.01 -> 0.01 | G13: =C13/(C13-B13) -> 1.6161616 | H13: =4184*(C13-C12) -> 4184 | I13: =D13*A13 -> 23159.4 | J13: =F13*A13 -> 3.3 | K13: =ABS(H13/I13) -> 0.18066098 | L13: =SQRT(((1/I13)*SQRT(2)*E13)^2+((H13/(I13*I13)*J13)^2)) -> 2.6456865e-05
A14: 360 | B14: 11.3 | C14: 32.6 | D14: 71.98 | E14: =Constantes!$B$6 -> 0.1 | F14: =0.01 -> 0.01 | G14: =C14/(C14-B14) -> 1.5305164 | H14: =4184*(C14-C13) -> 2510.4 | I14: =D14*A14 -> 25912.8 | J14: =F14*A14 -> 3.6 | K14: =ABS(H14/I14) -> 0.096878763 | L14: =SQRT(((1/I14)*SQRT(2)*E14)^2+((H14/(I14*I14)*J14)^2)) -> 1.452354e-05
... A23: 630 | B23: 7.3 | C23: 39.6 | D23: 90.42 | E23: =Constantes!$B$6 -> 0.1 | F23: =0.01 -> 0.01 | G23: =C23/(C23-B23) -> 1.2260062 | H23: =4184*(C23-C22) -> 3347.2 | I23: =D23*A23 -> 56964.6 | J23: =F23*A23 -> 6.3 | K23: =ABS(H23/I23) -> 0.0587593 | L23: =SQRT(((1/I23)*SQRT(2)*E23)^2+((H23/(I23*I23)*J23)^2)) -> 6.9565579e-06
A24: =A23+30 -> 660 | B24: 6.9 | C24: 40.1 | D24: 79.36 | E24: =Constantes!$B$6 -> 0.1 | F24: =0.01 -> 0.01 | G24: =C24/(C24-B24) -> 1.2078313 | H24: =4184*(C24-C23) -> 2092 | I24: =D24*A24 -> 52377.6 | J24: =F24*A24 -> 6.6 | K24: =ABS(H24/I24) -> 0.039940738 | L24: =SQRT(((1/I24)*SQRT(2)*E24)^2+((H24/(I24*I24)*J24)^2)) -> 5.7113763e-06
A25: =A24+30 -> 690 | B25: 6.4 | C25: 40.8 | D25: 63.25 | E25: =Constantes!$B$6 -> 0.1 | F25: =0.01 -> 0.01 | G25: =C25/(C25-B25) -> 1.1860465 | H25: =4184*(C25-C24) -> 2928.8 | I25: =D25*A25 -> 43642.5 | J25: =F25*A25 -> 6.9 | K25: =ABS(H25/I25) -> 0.067108896 | L25: =SQRT(((1/I25)*SQRT(2)*E25)^2+((H25/(I25*I25)*J25)^2)) -> 1.1093908e-05
A26: =A25+30 -> 720 | B26: 6.1 | C26: 41.5 | D26: 77.47 | E26: =Constantes!$B$6 -> 0.1 | F26: =0.01 -> 0.01 | G26: =C26/(C26-B26) -> 1.1723164 | H26: =4184*(C26-C25) -> 2928.8 | I26: =D26*A26 -> 55778.4 | J26: =F26*A26 -> 7.2 | K26: =ABS(H26/I26) -> 0.052507781 | L26: =SQRT(((1/I26)*SQRT(2)*E26)^2+((H26/(I26*I26)*J26)^2)) -> 7.2365175e-06
A27: =A26+30 -> 750 | B27: 5.9 | C27: 42.1 | D27: 77.47 | E27: =Constantes!$B$6 -> 0.1 | F27: =0.01 -> 0.01 | G27: =C27/(C27-B27) -> 1.1629834 | H27: =4184*(C27-C26) -> 2510.4 | I27: =D27*A27 -> 58102.5 | J27: =F27*A27 -> 7.5 | K27: =ABS(H27/I27) -> 0.043206402 | L27: =SQRT(((1/I27)*SQRT(2)*E27)^2+((H27/(I27*I27)*J27)^2)) -> 6.0851677e-06
A28: =A27+30 -> 780 | B28: 5.7 | C28: 42.6 | D28: 76.86 | E28: =Constantes!$B$6 -> 0.1 | F28: =0.01 -> 0.01 | G28: =C28/(C28-B28) -> 1.1544715 | H28: =4184*(C28-C27) -> 2092 | I28: =D28*A28 -> 59950.8 | J28: =F28*A28 -> 7.8 | K28: =ABS(H28/I28) -> 0.034895281 | L28: =SQRT(((1/I28)*SQRT(2)*E28)^2+((H28/(I28*I28)*J28)^2)) -> 5.1163729e-06
A29: =A28+30 -> 810 | B29: 5.2 | C29: 43.3 | D29: 77.47 | E29: =Constantes!$B$6 -> 0.1 | F29: =0.01 -> 0.01 | G29: =C29/(C29-B29) -> 1.1364829 | H29: =4184*(C29-C28) -> 2928.8 | I29: =D29*A29 -> 62750.7 | J29: =F29*A29 -> 8.1 | K29: =ABS(H29/I29) -> 0.046673583 | L29: =SQRT(((1/I29)*SQRT(2)*E29)^2+((H29/(I29*I29)*J29)^2)) -> 6.43246e-06
A30: =A29+30 -> 840 | B30: 5 | C30: 43.7 | D30: 77.47 | E30: =Constantes!$B$6 -> 0.1 | F30: =0.01 -> 0.01 | G30: =C30/(C30-B30) -> 1.129199 | H30: =4184*(C30-C29) -> 1673.6 | I30: =D30*A30 -> 65074.8 | J30: =F30*A30 -> 8.4 | K30: =ABS(H30/I30) -> 0.025718097 | L30: =SQRT(((1/I30)*SQRT(2)*E30)^2+((H30/(I30*I30)*J30)^2)) -> 3.9678188e-06
A31: =A30+30 -> 870 | B31: 4.7 | C31: 44.1 | D31: 76.86 | E31: =Constantes!$B$6 -> 0.1 | F31: =0.01 -> 0.01 | G31: =C31/(C31-B31) -> 1.1192893 | H31: =4184*(C31-C30) -> 1673.6 | I31: =D31*A31 -> 66868.2 | J31: =F31*A31 -> 8.7 | K31: =ABS(H31/I31) -> 0.025028339 | L31: =SQRT(((1/I31)*SQRT(2)*E31)^2+((H31/(I31*I31)*J31)^2)) -> 3.8828803e-06
A32: =A31+30 -> 900 | B32: 4.5 | C32: 44.8 | D32: 64.96 | E32: =Constantes!$B$6 -> 0.1 | F32: =0.01 -> 0.01 | G32: =C32/(C32-B32) -> 1.1116625 | H32: =4184*(C32-C31) -> 2928.8 | I32: =D32*A32 -> 58464 | J32: =F32*A32 -> 9 | K32: =ABS(H32/I32) -> 0.050095785 | L32: =SQRT(((1/I32)*SQRT(2)*E32)^2+((H32/(I32*I32)*J32)^2)) -> 8.082265e-06
A33: =A32+30 -> 930 | B33: 4.3 | C33: 45.3 | D33: 78.08 | E33: =Constantes!$B$6 -> 0.1 | F33: =0.01 -> 0.01 | G33: =C33/(C33-B33) -> 1.104878 | H33: =4184*(C33-C32) -> 2092 | I33: =D33*A33 -> 72614.4 | J33: =F33*A33 -> 9.3 | K33: =ABS(H33/I33) -> 0.028809713 | L33: =SQRT(((1/I33)*SQRT(2)*E33)^2+((H33/(I33*I33)*J33)^2)) -> 4.1722184e-06
A34: =A33+30 -> 960 | B34: 4.1 | C34: 45.9 | D34: 70.76 | E34: =Constantes!$B$6 -> 0.1 | F34: =0.01 -> 0.01 | G34: =C34/(C34-B34) -> 1.0980861 | H34: =4184*(C34-C33) -> 2510.4 | I34: =D34*A34 -> 67929.6 | J34: =F34*A34 -> 9.6 | K34: =ABS(H34/I34) -> 0.036955907 | L34: =SQRT(((1/I34)*SQRT(2)*E34)^2+((H34/(I34*I34)*J34)^2)) -> 5.6223612e-06
A35: =A34+30 -> 990 | B35: 3.8 | C35: 46.1 | D35: 76.2 | E35: =Constantes!$B$6 -> 0.1 | F35: =0.01 -> 0.01 | G35: =C35/(C35-B35) -> 1.0898345 | H35: =4184*(C35-C34) -> 836.8 | I35: =D35*A35 -> 75438 | J35: =F35*A35 -> 9.9 | K35: =ABS(H35/I35) -> 0.011092553 | L35: =SQRT(((1/I35)*SQRT(2)*E35)^2+((H35/(I35*I35)*J35)^2)) -> 2.3734986e-06
... A62: =A61+30 -> 1800 | B62: 1.3 | C62: 54 | D62: 79.36 | E62: =Constantes!$B$6 -> 0.1 | F62: =0.01 -> 0.01 | G62: =C62/(C62-B62) -> 1.0246679 | H62: =4184*(C62-C61) -> 2092 | I62: =D62*A62 -> 142848 | J62: =F62*A62 -> 18 | K62: =ABS(H62/I62) -> 0.014644937 | L62: =SQRT(((1/I62)*SQRT(2)*E62)^2+((H62/(I62*I62)*J62)^2)) -> 2.0941713e-06

Sheet Calculos
A1: Tiempo (t) [s] | B1: T_F [K] | C1: T_C [K] | D1: ΔT [K] | E1: Q_F [J] | F1: Q_C [J] | G1: W_suministrado [J] | H1: COP_heating | I1: COP_cooling | J1: COP_Carnot_heating | K1: COP_Carnot_cooling
A2: 0
A3: 30
A4: 60
A5: 90
A6: 120
A7: 150
A8: 180
A9: 210
A10: 240
A11: 270
A12: 300
A13: 330
... A22: 600

Sheet Ajustes
A1: Variable X | B1: Variable Y | C1: Pendiente (m) | D1: u(m) | E1: Ordenada (b) | F1: u(b) | G1: R^2
A2: ΔT [K] | B2: COP_heating
A3: 1/ΔT [1/K] | B3: COP_heating
